[
    {
        "EndItemID": "Var-A",
        "FirstUnitNumber": 1,
        "LastUnitNumber": 10,
        "OrderOrLotID": "1",
        "IsInternal": false
    },
    {
        "EndItemID": "Var-A",
        "FirstUnitNumber": 11,
        "LastUnitNumber": 20,
        "OrderOrLotID": "2",
        "IsInternal": false
    },
    {
        "EndItemID": "Var-A",
        "FirstUnitNumber": 21,
        "LastUnitNumber": 30,
        "OrderOrLotID": "3",
        "IsInternal": false
    },
    {
        "EndItemID": "Var-A",
        "FirstUnitNumber": 31,
        "LastUnitNumber": 40,
        "OrderOrLotID": "4",
        "IsInternal": false
    },
    {
        "EndItemID": "Var-A",
        "FirstUnitNumber": 41,
        "LastUnitNumber": 50,
        "OrderOrLotID": "5",
        "IsInternal": false
    },
    {
        "EndItemID": "Var-B",
        "FirstUnitNumber": 1,
        "LastUnitNumber": 5,
        "OrderOrLotID": "1",
        "IsInternal": false
    },
    {
        "EndItemID": "Var-B",
        "FirstUnitNumber": 6,
        "LastUnitNumber": 10,
        "OrderOrLotID": "2",
        "IsInternal": false
    },
    {
        "EndItemID": "Var-B",
        "FirstUnitNumber": 11,
        "LastUnitNumber": 15,
        "OrderOrLotID": "3",
        "IsInternal": false
    },
    {
        "EndItemID": "Var-B",
        "FirstUnitNumber": 16,
        "LastUnitNumber": 20,
        "OrderOrLotID": "4",
        "IsInternal": false
    },
    {
        "EndItemID": "Var-B",
        "FirstUnitNumber": 21,
        "LastUnitNumber": 25,
        "OrderOrLotID": "5",
        "IsInternal": false
    }
]
