[
    {
        "OrderOrLotID": "1",
        "WBSElementID": "1.0",
        "CompletedQuantityToDate": 15,
        "InProcessQuantity": 0
    },
    {
        "OrderOrLotID": "1",
        "WBSElementID": "1.1",
        "CompletedQuantityToDate": 30,
        "InProcessQuantity": 0
    },
    {
        "OrderOrLotID": "1",
        "WBSElementID": "1.1.2",
        "CompletedQuantityToDate": 300,
        "InProcessQuantity": 0
    },
    {
        "OrderOrLotID": "2",
        "WBSElementID": "1.0",
        "CompletedQuantityToDate": 15,
        "InProcessQuantity": 0
    },
    {
        "OrderOrLotID": "2",
        "WBSElementID": "1.1",
        "CompletedQuantityToDate": 30,
        "InProcessQuantity": 0
    },
    {
        "OrderOrLotID": "2",
        "WBSElementID": "1.1.2",
        "CompletedQuantityToDate": 300,
        "InProcessQuantity": 0
    },
    {
        "OrderOrLotID": "3",
        "WBSElementID": "1.0",
        "CompletedQuantityToDate": 7,
        "InProcessQuantity": 3
    },
    {
        "OrderOrLotID": "3",
        "WBSElementID": "1.1",
        "CompletedQuantityToDate": 15,
        "InProcessQuantity": 6
    },
    {
        "OrderOrLotID": "3",
        "WBSElementID": "1.1.2",
        "CompletedQuantityToDate": 150,
        "InProcessQuantity": 60
    }
]
