{
    "SecurityClassification": "UNCLASSIFIED",
    "ProprietaryStatement": "Demo Corporation Proprietary Data",
    "ProgramName": "cPet Demonstration Space System (CDSS)",
    "PhaseOrMilestoneID": "B",
    "PrimeMissionProduct": "Demo PMP",
    "CommodityType": "Space System",
    "ReportingOrganization_OrganizationName": "Demo Corporation",
    "ReportingOrganization_Location_Street": "456 Test Blvd",
    "ReportingOrganization_Location_City": "New York",
    "ReportingOrganization_Location_State": "NY",
    "ReportingOrganization_Location_ZipCode": "55555",
    "ApprovedPlanNumber": "X-08-Y-C1",
    "ContractTypeID": "CPFF",
    "ContractPrice": 53666357930,
    "ContractNumber": "A99XYZ-08-B-1234",
    "PeriodOfPerformance_StartDate": "2016-01-01",
    "PeriodOfPerformance_EndDate": "2020-12-31",
    "ReportCycleID": "INTERIM",
    "SubmissionEvent_Number": 2,
    "SubmissionEvent_Name": "Critical Design Review",
    "SubmissionEvent_IsWildcard": false,
    "ResubmissionNumber": 0,
    "ReportAsOf": "2018-01-31",
    "PointOfContact_Name": "Tester, Fred A",
    "PointOfContact_Department": "Business Operations",
    "PointOfContact_TelephoneNumber": "555-555-5555",
    "PointOfContact_EmailAddress": "cPetUser@demo.local",
    "DatePrepared": "2018-02-28"
}
