[
    {
        "Level": 1,
        "ID": "1.0",
        "Name": "TOTAL"
    },
    {
        "Level": 2,
        "ID": "1.1",
        "Name": "Subsystem 1.1",
        "ParentID": "1.0"
    },
    {
        "Level": 3,
        "ID": "1.1.1",
        "Name": "Subsystem 1.1.1",
        "ParentID": "1.1"
    },
    {
        "Level": 3,
        "ID": "1.1.2",
        "Name": "Subsystem 1.1.2",
        "ParentID": "1.1"
    },
    {
        "Level": 3,
        "ID": "1.1.3",
        "Name": "Subsystem 1.1.3",
        "ParentID": "1.1"
    },
    {
        "Level": 3,
        "ID": "1.1.4",
        "Name": "Subsystem 1.1.4",
        "ParentID": "1.1"
    },
    {
        "Level": 4,
        "ID": "1.1.4.1",
        "Name": "Subsystem 1.1.4.1",
        "ParentID": "1.1.4"
    },
    {
        "Level": 4,
        "ID": "1.1.4.2",
        "Name": "Subsystem 1.1.4.2",
        "ParentID": "1.1.4"
    },
    {
        "Level": 4,
        "ID": "1.1.4.3",
        "Name": "Subsystem 1.1.4.3",
        "ParentID": "1.1.4"
    },
    {
        "Level": 4,
        "ID": "1.1.4.4",
        "Name": "Subsystem 1.1.4.4",
        "ParentID": "1.1.4"
    },
    {
        "Level": 4,
        "ID": "1.1.4.5",
        "Name": "Subsystem 1.1.4.5",
        "ParentID": "1.1.4"
    },
    {
        "Level": 4,
        "ID": "1.1.4.6",
        "Name": "Subsystem 1.1.4.6",
        "ParentID": "1.1.4"
    },
    {
        "Level": 3,
        "ID": "1.1.5",
        "Name": "Subsystem 1.1.5",
        "ParentID": "1.1"
    },
    {
        "Level": 4,
        "ID": "1.1.5.1",
        "Name": "Subsystem 1.1.5.1",
        "ParentID": "1.1.5"
    },
    {
        "Level": 4,
        "ID": "1.1.5.2",
        "Name": "Subsystem 1.1.5.2",
        "ParentID": "1.1.5"
    },
    {
        "Level": 4,
        "ID": "1.1.5.3",
        "Name": "Subsystem 1.1.5.3",
        "ParentID": "1.1.5"
    },
    {
        "Level": 4,
        "ID": "1.1.5.4",
        "Name": "Subsystem 1.1.5.4",
        "ParentID": "1.1.5"
    },
    {
        "Level": 4,
        "ID": "1.1.5.5",
        "Name": "Subsystem 1.1.5.5",
        "ParentID": "1.1.5"
    },
    {
        "Level": 4,
        "ID": "1.1.5.6",
        "Name": "Subsystem 1.1.5.6",
        "ParentID": "1.1.5"
    },
    {
        "Level": 2,
        "ID": "1.2",
        "Name": "Subsystem 1.2",
        "ParentID": "1.0"
    },
    {
        "Level": 2,
        "ID": "1.3",
        "Name": "Subsystem 1.3",
        "ParentID": "1.0"
    },
    {
        "Level": 3,
        "ID": "1.3.1",
        "Name": "Subsystem 1.3.1",
        "ParentID": "1.3"
    },
    {
        "Level": 3,
        "ID": "1.3.2",
        "Name": "Subsystem 1.3.2",
        "ParentID": "1.3"
    },
    {
        "Level": 3,
        "ID": "1.3.3",
        "Name": "Subsystem 1.3.3",
        "ParentID": "1.3"
    },
    {
        "Level": 2,
        "ID": "1.4",
        "Name": "Subsystem 1.4",
        "ParentID": "1.0"
    },
    {
        "Level": 2,
        "ID": "1.5",
        "Name": "Subsystem 1.5",
        "ParentID": "1.0"
    }
]
