[
    {
        "OrderOrLotID": "1",
        "WBSElementID": "1.0",
        "Text": "These remarks are intended to appear on a DD Form 1921-1, or equivalent, for Lot 1 for WBS Element 1.0"
    },
    {
        "OrderOrLotID": "1",
        "WBSElementID": "1.1",
        "Text": "These remarks are intended to appear on a DD Form 1921-1, or equivalent, for Lot 1 for WBS Element 1.1"
    },
    {
        "OrderOrLotID": "1",
        "WBSElementID": "1.1.1",
        "Text": "These remarks are intended to appear on a DD Form 1921-1, or equivalent, for Lot 1 for WBS Element 1.1.1"
    },
    {
        "OrderOrLotID": "1",
        "WBSElementID": "1.1.2",
        "Text": "These remarks are intended to appear on a DD Form 1921-1, or equivalent, for Lot 1 for WBS Element 1.1.2"
    },
    {
        "OrderOrLotID": "1",
        "WBSElementID": "1.1.3",
        "Text": "These remarks are intended to appear on a DD Form 1921-1, or equivalent, for Lot 1 for WBS Element 1.1.3"
    },
    {
        "OrderOrLotID": "1",
        "WBSElementID": "1.1.4",
        "Text": "These remarks are intended to appear on a DD Form 1921-1, or equivalent, for Lot 1 for WBS Element 1.1.4"
    },
    {
        "OrderOrLotID": "1",
        "WBSElementID": "1.1.4.1",
        "Text": "These remarks are intended to appear on a DD Form 1921-1, or equivalent, for Lot 1 for WBS Element 1.1.4.1"
    },
    {
        "OrderOrLotID": "1",
        "WBSElementID": "1.1.4.2",
        "Text": "These remarks are intended to appear on a DD Form 1921-1, or equivalent, for Lot 1 for WBS Element 1.1.4.2"
    },
    {
        "OrderOrLotID": "1",
        "WBSElementID": "1.1.4.3",
        "Text": "These remarks are intended to appear on a DD Form 1921-1, or equivalent, for Lot 1 for WBS Element 1.1.4.3"
    },
    {
        "OrderOrLotID": "1",
        "WBSElementID": "1.1.4.4",
        "Text": "These remarks are intended to appear on a DD Form 1921-1, or equivalent, for Lot 1 for WBS Element 1.1.4.4"
    },
    {
        "OrderOrLotID": "1",
        "WBSElementID": "1.1.4.5",
        "Text": "These remarks are intended to appear on a DD Form 1921-1, or equivalent, for Lot 1 for WBS Element 1.1.4.5"
    },
    {
        "OrderOrLotID": "1",
        "WBSElementID": "1.1.4.6",
        "Text": "These remarks are intended to appear on a DD Form 1921-1, or equivalent, for Lot 1 for WBS Element 1.1.4.6"
    },
    {
        "OrderOrLotID": "1",
        "WBSElementID": "1.1.5",
        "Text": "These remarks are intended to appear on a DD Form 1921-1, or equivalent, for Lot 1 for WBS Element 1.1.5"
    },
    {
        "OrderOrLotID": "1",
        "WBSElementID": "1.1.5.1",
        "Text": "These remarks are intended to appear on a DD Form 1921-1, or equivalent, for Lot 1 for WBS Element 1.1.5.1"
    },
    {
        "OrderOrLotID": "1",
        "WBSElementID": "1.1.5.2",
        "Text": "These remarks are intended to appear on a DD Form 1921-1, or equivalent, for Lot 1 for WBS Element 1.1.5.2"
    },
    {
        "OrderOrLotID": "1",
        "WBSElementID": "1.1.5.3",
        "Text": "These remarks are intended to appear on a DD Form 1921-1, or equivalent, for Lot 1 for WBS Element 1.1.5.3"
    },
    {
        "OrderOrLotID": "1",
        "WBSElementID": "1.1.5.4",
        "Text": "These remarks are intended to appear on a DD Form 1921-1, or equivalent, for Lot 1 for WBS Element 1.1.5.4"
    },
    {
        "OrderOrLotID": "1",
        "WBSElementID": "1.1.5.5",
        "Text": "These remarks are intended to appear on a DD Form 1921-1, or equivalent, for Lot 1 for WBS Element 1.1.5.5"
    },
    {
        "OrderOrLotID": "1",
        "WBSElementID": "1.1.5.6",
        "Text": "These remarks are intended to appear on a DD Form 1921-1, or equivalent, for Lot 1 for WBS Element 1.1.5.6"
    },
    {
        "OrderOrLotID": "1",
        "WBSElementID": "1.2",
        "Text": "These remarks are intended to appear on a DD Form 1921-1, or equivalent, for Lot 1 for WBS Element 1.2"
    },
    {
        "OrderOrLotID": "1",
        "WBSElementID": "1.3",
        "Text": "These remarks are intended to appear on a DD Form 1921-1, or equivalent, for Lot 1 for WBS Element 1.3"
    },
    {
        "OrderOrLotID": "1",
        "WBSElementID": "1.3.1",
        "Text": "These remarks are intended to appear on a DD Form 1921-1, or equivalent, for Lot 1 for WBS Element 1.3.1"
    },
    {
        "OrderOrLotID": "1",
        "WBSElementID": "1.3.2",
        "Text": "These remarks are intended to appear on a DD Form 1921-1, or equivalent, for Lot 1 for WBS Element 1.3.2"
    },
    {
        "OrderOrLotID": "1",
        "WBSElementID": "1.3.3",
        "Text": "These remarks are intended to appear on a DD Form 1921-1, or equivalent, for Lot 1 for WBS Element 1.3.3"
    },
    {
        "OrderOrLotID": "1",
        "WBSElementID": "1.4",
        "Text": "These remarks are intended to appear on a DD Form 1921-1, or equivalent, for Lot 1 for WBS Element 1.4"
    },
    {
        "OrderOrLotID": "1",
        "WBSElementID": "1.5",
        "Text": "These remarks are intended to appear on a DD Form 1921-1, or equivalent, for Lot 1 for WBS Element 1.5"
    },
    {
        "OrderOrLotID": "2",
        "WBSElementID": "1.0",
        "Text": "These remarks are intended to appear on a DD Form 1921-1, or equivalent, for Lot 2 for WBS Element 1.0"
    },
    {
        "OrderOrLotID": "2",
        "WBSElementID": "1.1",
        "Text": "These remarks are intended to appear on a DD Form 1921-1, or equivalent, for Lot 2 for WBS Element 1.1"
    },
    {
        "OrderOrLotID": "2",
        "WBSElementID": "1.1.1",
        "Text": "These remarks are intended to appear on a DD Form 1921-1, or equivalent, for Lot 2 for WBS Element 1.1.1"
    },
    {
        "OrderOrLotID": "2",
        "WBSElementID": "1.1.2",
        "Text": "These remarks are intended to appear on a DD Form 1921-1, or equivalent, for Lot 2 for WBS Element 1.1.2"
    },
    {
        "OrderOrLotID": "2",
        "WBSElementID": "1.1.3",
        "Text": "These remarks are intended to appear on a DD Form 1921-1, or equivalent, for Lot 2 for WBS Element 1.1.3"
    },
    {
        "OrderOrLotID": "2",
        "WBSElementID": "1.1.4",
        "Text": "These remarks are intended to appear on a DD Form 1921-1, or equivalent, for Lot 2 for WBS Element 1.1.4"
    },
    {
        "OrderOrLotID": "2",
        "WBSElementID": "1.1.4.1",
        "Text": "These remarks are intended to appear on a DD Form 1921-1, or equivalent, for Lot 2 for WBS Element 1.1.4.1"
    },
    {
        "OrderOrLotID": "2",
        "WBSElementID": "1.1.4.2",
        "Text": "These remarks are intended to appear on a DD Form 1921-1, or equivalent, for Lot 2 for WBS Element 1.1.4.2"
    },
    {
        "OrderOrLotID": "2",
        "WBSElementID": "1.1.4.3",
        "Text": "These remarks are intended to appear on a DD Form 1921-1, or equivalent, for Lot 2 for WBS Element 1.1.4.3"
    },
    {
        "OrderOrLotID": "2",
        "WBSElementID": "1.1.4.4",
        "Text": "These remarks are intended to appear on a DD Form 1921-1, or equivalent, for Lot 2 for WBS Element 1.1.4.4"
    },
    {
        "OrderOrLotID": "2",
        "WBSElementID": "1.1.4.5",
        "Text": "These remarks are intended to appear on a DD Form 1921-1, or equivalent, for Lot 2 for WBS Element 1.1.4.5"
    },
    {
        "OrderOrLotID": "2",
        "WBSElementID": "1.1.4.6",
        "Text": "These remarks are intended to appear on a DD Form 1921-1, or equivalent, for Lot 2 for WBS Element 1.1.4.6"
    },
    {
        "OrderOrLotID": "2",
        "WBSElementID": "1.1.5",
        "Text": "These remarks are intended to appear on a DD Form 1921-1, or equivalent, for Lot 2 for WBS Element 1.1.5"
    },
    {
        "OrderOrLotID": "2",
        "WBSElementID": "1.1.5.1",
        "Text": "These remarks are intended to appear on a DD Form 1921-1, or equivalent, for Lot 2 for WBS Element 1.1.5.1"
    },
    {
        "OrderOrLotID": "2",
        "WBSElementID": "1.1.5.2",
        "Text": "These remarks are intended to appear on a DD Form 1921-1, or equivalent, for Lot 2 for WBS Element 1.1.5.2"
    },
    {
        "OrderOrLotID": "2",
        "WBSElementID": "1.1.5.3",
        "Text": "These remarks are intended to appear on a DD Form 1921-1, or equivalent, for Lot 2 for WBS Element 1.1.5.3"
    },
    {
        "OrderOrLotID": "2",
        "WBSElementID": "1.1.5.4",
        "Text": "These remarks are intended to appear on a DD Form 1921-1, or equivalent, for Lot 2 for WBS Element 1.1.5.4"
    },
    {
        "OrderOrLotID": "2",
        "WBSElementID": "1.1.5.5",
        "Text": "These remarks are intended to appear on a DD Form 1921-1, or equivalent, for Lot 2 for WBS Element 1.1.5.5"
    },
    {
        "OrderOrLotID": "2",
        "WBSElementID": "1.1.5.6",
        "Text": "These remarks are intended to appear on a DD Form 1921-1, or equivalent, for Lot 2 for WBS Element 1.1.5.6"
    },
    {
        "OrderOrLotID": "2",
        "WBSElementID": "1.2",
        "Text": "These remarks are intended to appear on a DD Form 1921-1, or equivalent, for Lot 2 for WBS Element 1.2"
    },
    {
        "OrderOrLotID": "2",
        "WBSElementID": "1.3",
        "Text": "These remarks are intended to appear on a DD Form 1921-1, or equivalent, for Lot 2 for WBS Element 1.3"
    },
    {
        "OrderOrLotID": "2",
        "WBSElementID": "1.3.1",
        "Text": "These remarks are intended to appear on a DD Form 1921-1, or equivalent, for Lot 2 for WBS Element 1.3.1"
    },
    {
        "OrderOrLotID": "2",
        "WBSElementID": "1.3.2",
        "Text": "These remarks are intended to appear on a DD Form 1921-1, or equivalent, for Lot 2 for WBS Element 1.3.2"
    },
    {
        "OrderOrLotID": "2",
        "WBSElementID": "1.3.3",
        "Text": "These remarks are intended to appear on a DD Form 1921-1, or equivalent, for Lot 2 for WBS Element 1.3.3"
    },
    {
        "OrderOrLotID": "2",
        "WBSElementID": "1.4",
        "Text": "These remarks are intended to appear on a DD Form 1921-1, or equivalent, for Lot 2 for WBS Element 1.4"
    },
    {
        "OrderOrLotID": "2",
        "WBSElementID": "1.5",
        "Text": "These remarks are intended to appear on a DD Form 1921-1, or equivalent, for Lot 2 for WBS Element 1.5"
    },
    {
        "OrderOrLotID": "3",
        "WBSElementID": "1.0",
        "Text": "These remarks are intended to appear on a DD Form 1921-1, or equivalent, for Lot 3 for WBS Element 1.0"
    },
    {
        "OrderOrLotID": "3",
        "WBSElementID": "1.1",
        "Text": "These remarks are intended to appear on a DD Form 1921-1, or equivalent, for Lot 3 for WBS Element 1.1"
    },
    {
        "OrderOrLotID": "3",
        "WBSElementID": "1.1.1",
        "Text": "These remarks are intended to appear on a DD Form 1921-1, or equivalent, for Lot 3 for WBS Element 1.1.1"
    },
    {
        "OrderOrLotID": "3",
        "WBSElementID": "1.1.2",
        "Text": "These remarks are intended to appear on a DD Form 1921-1, or equivalent, for Lot 3 for WBS Element 1.1.2"
    },
    {
        "OrderOrLotID": "3",
        "WBSElementID": "1.1.3",
        "Text": "These remarks are intended to appear on a DD Form 1921-1, or equivalent, for Lot 3 for WBS Element 1.1.3"
    },
    {
        "OrderOrLotID": "3",
        "WBSElementID": "1.1.4",
        "Text": "These remarks are intended to appear on a DD Form 1921-1, or equivalent, for Lot 3 for WBS Element 1.1.4"
    },
    {
        "OrderOrLotID": "3",
        "WBSElementID": "1.1.4.1",
        "Text": "These remarks are intended to appear on a DD Form 1921-1, or equivalent, for Lot 3 for WBS Element 1.1.4.1"
    },
    {
        "OrderOrLotID": "3",
        "WBSElementID": "1.1.4.2",
        "Text": "These remarks are intended to appear on a DD Form 1921-1, or equivalent, for Lot 3 for WBS Element 1.1.4.2"
    },
    {
        "OrderOrLotID": "3",
        "WBSElementID": "1.1.4.3",
        "Text": "These remarks are intended to appear on a DD Form 1921-1, or equivalent, for Lot 3 for WBS Element 1.1.4.3"
    },
    {
        "OrderOrLotID": "3",
        "WBSElementID": "1.1.4.4",
        "Text": "These remarks are intended to appear on a DD Form 1921-1, or equivalent, for Lot 3 for WBS Element 1.1.4.4"
    },
    {
        "OrderOrLotID": "3",
        "WBSElementID": "1.1.4.5",
        "Text": "These remarks are intended to appear on a DD Form 1921-1, or equivalent, for Lot 3 for WBS Element 1.1.4.5"
    },
    {
        "OrderOrLotID": "3",
        "WBSElementID": "1.1.4.6",
        "Text": "These remarks are intended to appear on a DD Form 1921-1, or equivalent, for Lot 3 for WBS Element 1.1.4.6"
    },
    {
        "OrderOrLotID": "3",
        "WBSElementID": "1.1.5",
        "Text": "These remarks are intended to appear on a DD Form 1921-1, or equivalent, for Lot 3 for WBS Element 1.1.5"
    },
    {
        "OrderOrLotID": "3",
        "WBSElementID": "1.1.5.1",
        "Text": "These remarks are intended to appear on a DD Form 1921-1, or equivalent, for Lot 3 for WBS Element 1.1.5.1"
    },
    {
        "OrderOrLotID": "3",
        "WBSElementID": "1.1.5.2",
        "Text": "These remarks are intended to appear on a DD Form 1921-1, or equivalent, for Lot 3 for WBS Element 1.1.5.2"
    },
    {
        "OrderOrLotID": "3",
        "WBSElementID": "1.1.5.3",
        "Text": "These remarks are intended to appear on a DD Form 1921-1, or equivalent, for Lot 3 for WBS Element 1.1.5.3"
    },
    {
        "OrderOrLotID": "3",
        "WBSElementID": "1.1.5.4",
        "Text": "These remarks are intended to appear on a DD Form 1921-1, or equivalent, for Lot 3 for WBS Element 1.1.5.4"
    },
    {
        "OrderOrLotID": "3",
        "WBSElementID": "1.1.5.5",
        "Text": "These remarks are intended to appear on a DD Form 1921-1, or equivalent, for Lot 3 for WBS Element 1.1.5.5"
    },
    {
        "OrderOrLotID": "3",
        "WBSElementID": "1.1.5.6",
        "Text": "These remarks are intended to appear on a DD Form 1921-1, or equivalent, for Lot 3 for WBS Element 1.1.5.6"
    },
    {
        "OrderOrLotID": "3",
        "WBSElementID": "1.2",
        "Text": "These remarks are intended to appear on a DD Form 1921-1, or equivalent, for Lot 3 for WBS Element 1.2"
    },
    {
        "OrderOrLotID": "3",
        "WBSElementID": "1.3",
        "Text": "These remarks are intended to appear on a DD Form 1921-1, or equivalent, for Lot 3 for WBS Element 1.3"
    },
    {
        "OrderOrLotID": "3",
        "WBSElementID": "1.3.1",
        "Text": "These remarks are intended to appear on a DD Form 1921-1, or equivalent, for Lot 3 for WBS Element 1.3.1"
    },
    {
        "OrderOrLotID": "3",
        "WBSElementID": "1.3.2",
        "Text": "These remarks are intended to appear on a DD Form 1921-1, or equivalent, for Lot 3 for WBS Element 1.3.2"
    },
    {
        "OrderOrLotID": "3",
        "WBSElementID": "1.3.3",
        "Text": "These remarks are intended to appear on a DD Form 1921-1, or equivalent, for Lot 3 for WBS Element 1.3.3"
    },
    {
        "OrderOrLotID": "3",
        "WBSElementID": "1.4",
        "Text": "These remarks are intended to appear on a DD Form 1921-1, or equivalent, for Lot 3 for WBS Element 1.4"
    },
    {
        "OrderOrLotID": "3",
        "WBSElementID": "1.5",
        "Text": "These remarks are intended to appear on a DD Form 1921-1, or equivalent, for Lot 3 for WBS Element 1.5"
    },
    {
        "OrderOrLotID": "4",
        "WBSElementID": "1.0",
        "Text": "These remarks are intended to appear on a DD Form 1921-1, or equivalent, for Lot 4 for WBS Element 1.0"
    },
    {
        "OrderOrLotID": "4",
        "WBSElementID": "1.1",
        "Text": "These remarks are intended to appear on a DD Form 1921-1, or equivalent, for Lot 4 for WBS Element 1.1"
    },
    {
        "OrderOrLotID": "4",
        "WBSElementID": "1.1.1",
        "Text": "These remarks are intended to appear on a DD Form 1921-1, or equivalent, for Lot 4 for WBS Element 1.1.1"
    },
    {
        "OrderOrLotID": "4",
        "WBSElementID": "1.1.2",
        "Text": "These remarks are intended to appear on a DD Form 1921-1, or equivalent, for Lot 4 for WBS Element 1.1.2"
    },
    {
        "OrderOrLotID": "4",
        "WBSElementID": "1.1.3",
        "Text": "These remarks are intended to appear on a DD Form 1921-1, or equivalent, for Lot 4 for WBS Element 1.1.3"
    },
    {
        "OrderOrLotID": "4",
        "WBSElementID": "1.1.4",
        "Text": "These remarks are intended to appear on a DD Form 1921-1, or equivalent, for Lot 4 for WBS Element 1.1.4"
    },
    {
        "OrderOrLotID": "4",
        "WBSElementID": "1.1.4.1",
        "Text": "These remarks are intended to appear on a DD Form 1921-1, or equivalent, for Lot 4 for WBS Element 1.1.4.1"
    },
    {
        "OrderOrLotID": "4",
        "WBSElementID": "1.1.4.2",
        "Text": "These remarks are intended to appear on a DD Form 1921-1, or equivalent, for Lot 4 for WBS Element 1.1.4.2"
    },
    {
        "OrderOrLotID": "4",
        "WBSElementID": "1.1.4.3",
        "Text": "These remarks are intended to appear on a DD Form 1921-1, or equivalent, for Lot 4 for WBS Element 1.1.4.3"
    },
    {
        "OrderOrLotID": "4",
        "WBSElementID": "1.1.4.4",
        "Text": "These remarks are intended to appear on a DD Form 1921-1, or equivalent, for Lot 4 for WBS Element 1.1.4.4"
    },
    {
        "OrderOrLotID": "4",
        "WBSElementID": "1.1.4.5",
        "Text": "These remarks are intended to appear on a DD Form 1921-1, or equivalent, for Lot 4 for WBS Element 1.1.4.5"
    },
    {
        "OrderOrLotID": "4",
        "WBSElementID": "1.1.4.6",
        "Text": "These remarks are intended to appear on a DD Form 1921-1, or equivalent, for Lot 4 for WBS Element 1.1.4.6"
    },
    {
        "OrderOrLotID": "4",
        "WBSElementID": "1.1.5",
        "Text": "These remarks are intended to appear on a DD Form 1921-1, or equivalent, for Lot 4 for WBS Element 1.1.5"
    },
    {
        "OrderOrLotID": "4",
        "WBSElementID": "1.1.5.1",
        "Text": "These remarks are intended to appear on a DD Form 1921-1, or equivalent, for Lot 4 for WBS Element 1.1.5.1"
    },
    {
        "OrderOrLotID": "4",
        "WBSElementID": "1.1.5.2",
        "Text": "These remarks are intended to appear on a DD Form 1921-1, or equivalent, for Lot 4 for WBS Element 1.1.5.2"
    },
    {
        "OrderOrLotID": "4",
        "WBSElementID": "1.1.5.3",
        "Text": "These remarks are intended to appear on a DD Form 1921-1, or equivalent, for Lot 4 for WBS Element 1.1.5.3"
    },
    {
        "OrderOrLotID": "4",
        "WBSElementID": "1.1.5.4",
        "Text": "These remarks are intended to appear on a DD Form 1921-1, or equivalent, for Lot 4 for WBS Element 1.1.5.4"
    },
    {
        "OrderOrLotID": "4",
        "WBSElementID": "1.1.5.5",
        "Text": "These remarks are intended to appear on a DD Form 1921-1, or equivalent, for Lot 4 for WBS Element 1.1.5.5"
    },
    {
        "OrderOrLotID": "4",
        "WBSElementID": "1.1.5.6",
        "Text": "These remarks are intended to appear on a DD Form 1921-1, or equivalent, for Lot 4 for WBS Element 1.1.5.6"
    },
    {
        "OrderOrLotID": "4",
        "WBSElementID": "1.2",
        "Text": "These remarks are intended to appear on a DD Form 1921-1, or equivalent, for Lot 4 for WBS Element 1.2"
    },
    {
        "OrderOrLotID": "4",
        "WBSElementID": "1.3",
        "Text": "These remarks are intended to appear on a DD Form 1921-1, or equivalent, for Lot 4 for WBS Element 1.3"
    },
    {
        "OrderOrLotID": "4",
        "WBSElementID": "1.3.1",
        "Text": "These remarks are intended to appear on a DD Form 1921-1, or equivalent, for Lot 4 for WBS Element 1.3.1"
    },
    {
        "OrderOrLotID": "4",
        "WBSElementID": "1.3.2",
        "Text": "These remarks are intended to appear on a DD Form 1921-1, or equivalent, for Lot 4 for WBS Element 1.3.2"
    },
    {
        "OrderOrLotID": "4",
        "WBSElementID": "1.3.3",
        "Text": "These remarks are intended to appear on a DD Form 1921-1, or equivalent, for Lot 4 for WBS Element 1.3.3"
    },
    {
        "OrderOrLotID": "4",
        "WBSElementID": "1.4",
        "Text": "These remarks are intended to appear on a DD Form 1921-1, or equivalent, for Lot 4 for WBS Element 1.4"
    },
    {
        "OrderOrLotID": "4",
        "WBSElementID": "1.5",
        "Text": "These remarks are intended to appear on a DD Form 1921-1, or equivalent, for Lot 4 for WBS Element 1.5"
    },
    {
        "OrderOrLotID": "5",
        "WBSElementID": "1.0",
        "Text": "These remarks are intended to appear on a DD Form 1921-1, or equivalent, for Lot 5 for WBS Element 1.0"
    },
    {
        "OrderOrLotID": "5",
        "WBSElementID": "1.1",
        "Text": "These remarks are intended to appear on a DD Form 1921-1, or equivalent, for Lot 5 for WBS Element 1.1"
    },
    {
        "OrderOrLotID": "5",
        "WBSElementID": "1.1.1",
        "Text": "These remarks are intended to appear on a DD Form 1921-1, or equivalent, for Lot 5 for WBS Element 1.1.1"
    },
    {
        "OrderOrLotID": "5",
        "WBSElementID": "1.1.2",
        "Text": "These remarks are intended to appear on a DD Form 1921-1, or equivalent, for Lot 5 for WBS Element 1.1.2"
    },
    {
        "OrderOrLotID": "5",
        "WBSElementID": "1.1.3",
        "Text": "These remarks are intended to appear on a DD Form 1921-1, or equivalent, for Lot 5 for WBS Element 1.1.3"
    },
    {
        "OrderOrLotID": "5",
        "WBSElementID": "1.1.4",
        "Text": "These remarks are intended to appear on a DD Form 1921-1, or equivalent, for Lot 5 for WBS Element 1.1.4"
    },
    {
        "OrderOrLotID": "5",
        "WBSElementID": "1.1.4.1",
        "Text": "These remarks are intended to appear on a DD Form 1921-1, or equivalent, for Lot 5 for WBS Element 1.1.4.1"
    },
    {
        "OrderOrLotID": "5",
        "WBSElementID": "1.1.4.2",
        "Text": "These remarks are intended to appear on a DD Form 1921-1, or equivalent, for Lot 5 for WBS Element 1.1.4.2"
    },
    {
        "OrderOrLotID": "5",
        "WBSElementID": "1.1.4.3",
        "Text": "These remarks are intended to appear on a DD Form 1921-1, or equivalent, for Lot 5 for WBS Element 1.1.4.3"
    },
    {
        "OrderOrLotID": "5",
        "WBSElementID": "1.1.4.4",
        "Text": "These remarks are intended to appear on a DD Form 1921-1, or equivalent, for Lot 5 for WBS Element 1.1.4.4"
    },
    {
        "OrderOrLotID": "5",
        "WBSElementID": "1.1.4.5",
        "Text": "These remarks are intended to appear on a DD Form 1921-1, or equivalent, for Lot 5 for WBS Element 1.1.4.5"
    },
    {
        "OrderOrLotID": "5",
        "WBSElementID": "1.1.4.6",
        "Text": "These remarks are intended to appear on a DD Form 1921-1, or equivalent, for Lot 5 for WBS Element 1.1.4.6"
    },
    {
        "OrderOrLotID": "5",
        "WBSElementID": "1.1.5",
        "Text": "These remarks are intended to appear on a DD Form 1921-1, or equivalent, for Lot 5 for WBS Element 1.1.5"
    },
    {
        "OrderOrLotID": "5",
        "WBSElementID": "1.1.5.1",
        "Text": "These remarks are intended to appear on a DD Form 1921-1, or equivalent, for Lot 5 for WBS Element 1.1.5.1"
    },
    {
        "OrderOrLotID": "5",
        "WBSElementID": "1.1.5.2",
        "Text": "These remarks are intended to appear on a DD Form 1921-1, or equivalent, for Lot 5 for WBS Element 1.1.5.2"
    },
    {
        "OrderOrLotID": "5",
        "WBSElementID": "1.1.5.3",
        "Text": "These remarks are intended to appear on a DD Form 1921-1, or equivalent, for Lot 5 for WBS Element 1.1.5.3"
    },
    {
        "OrderOrLotID": "5",
        "WBSElementID": "1.1.5.4",
        "Text": "These remarks are intended to appear on a DD Form 1921-1, or equivalent, for Lot 5 for WBS Element 1.1.5.4"
    },
    {
        "OrderOrLotID": "5",
        "WBSElementID": "1.1.5.5",
        "Text": "These remarks are intended to appear on a DD Form 1921-1, or equivalent, for Lot 5 for WBS Element 1.1.5.5"
    },
    {
        "OrderOrLotID": "5",
        "WBSElementID": "1.1.5.6",
        "Text": "These remarks are intended to appear on a DD Form 1921-1, or equivalent, for Lot 5 for WBS Element 1.1.5.6"
    },
    {
        "OrderOrLotID": "5",
        "WBSElementID": "1.2",
        "Text": "These remarks are intended to appear on a DD Form 1921-1, or equivalent, for Lot 5 for WBS Element 1.2"
    },
    {
        "OrderOrLotID": "5",
        "WBSElementID": "1.3",
        "Text": "These remarks are intended to appear on a DD Form 1921-1, or equivalent, for Lot 5 for WBS Element 1.3"
    },
    {
        "OrderOrLotID": "5",
        "WBSElementID": "1.3.1",
        "Text": "These remarks are intended to appear on a DD Form 1921-1, or equivalent, for Lot 5 for WBS Element 1.3.1"
    },
    {
        "OrderOrLotID": "5",
        "WBSElementID": "1.3.2",
        "Text": "These remarks are intended to appear on a DD Form 1921-1, or equivalent, for Lot 5 for WBS Element 1.3.2"
    },
    {
        "OrderOrLotID": "5",
        "WBSElementID": "1.3.3",
        "Text": "These remarks are intended to appear on a DD Form 1921-1, or equivalent, for Lot 5 for WBS Element 1.3.3"
    },
    {
        "OrderOrLotID": "5",
        "WBSElementID": "1.4",
        "Text": "These remarks are intended to appear on a DD Form 1921-1, or equivalent, for Lot 5 for WBS Element 1.4"
    },
    {
        "OrderOrLotID": "5",
        "WBSElementID": "1.5",
        "Text": "These remarks are intended to appear on a DD Form 1921-1, or equivalent, for Lot 5 for WBS Element 1.5"
    }
]
