[
    {
        "ID": "FKWF-QPRF-FTNL",
        "Name": "Account FKWF-QPRF-FTNL"
    },
    {
        "ID": "YHQB-ZTBM-JJJW",
        "Name": "Account YHQB-ZTBM-JJJW"
    },
    {
        "ID": "PYNS-DRBR-SJZZ",
        "Name": "Account PYNS-DRBR-SJZZ"
    },
    {
        "ID": "FBQR-VVSQ-QLHV",
        "Name": "Account FBQR-VVSQ-QLHV"
    },
    {
        "ID": "PRLB-DWKY-YXKD",
        "Name": "Account PRLB-DWKY-YXKD"
    },
    {
        "ID": "BVVK-JVDR-XLDJ",
        "Name": "Account BVVK-JVDR-XLDJ"
    },
    {
        "ID": "KKFK-XSWR-QRLM",
        "Name": "Account KKFK-XSWR-QRLM"
    },
    {
        "ID": "PVFX-QNDG-NSSJ",
        "Name": "Account PVFX-QNDG-NSSJ"
    },
    {
        "ID": "XMBY-YQYH-RMWK",
        "Name": "Account XMBY-YQYH-RMWK"
    },
    {
        "ID": "QJFK-WVJM-RWBD",
        "Name": "Account QJFK-WVJM-RWBD"
    },
    {
        "ID": "JTPH-SCHJ-QYXY",
        "Name": "Account JTPH-SCHJ-QYXY"
    },
    {
        "ID": "KJTQ-DTVD-FCFK",
        "Name": "Account KJTQ-DTVD-FCFK"
    },
    {
        "ID": "BWNN-DHWR-NCVV",
        "Name": "Account BWNN-DHWR-NCVV"
    },
    {
        "ID": "FQGW-BXNN-FFVJ",
        "Name": "Account FQGW-BXNN-FFVJ"
    },
    {
        "ID": "LBPX-GZNL-JLFC",
        "Name": "Account LBPX-GZNL-JLFC"
    },
    {
        "ID": "NMBC-BTXP-NYFF",
        "Name": "Account NMBC-BTXP-NYFF"
    },
    {
        "ID": "ZMNZ-HHYV-VCQV",
        "Name": "Account ZMNZ-HHYV-VCQV"
    },
    {
        "ID": "VLFX-LYKB-GKMX",
        "Name": "Account VLFX-LYKB-GKMX"
    },
    {
        "ID": "TYDJ-RHMG-LDXD",
        "Name": "Account TYDJ-RHMG-LDXD"
    },
    {
        "ID": "RRZL-FXPD-BKCL",
        "Name": "Account RRZL-FXPD-BKCL"
    },
    {
        "ID": "HPVK-XRSY-FTXW",
        "Name": "Account HPVK-XRSY-FTXW"
    },
    {
        "ID": "SKHY-YQQC-PHGJ",
        "Name": "Account SKHY-YQQC-PHGJ"
    },
    {
        "ID": "YWVH-NYZG-NQHY",
        "Name": "Account YWVH-NYZG-NQHY"
    },
    {
        "ID": "DLFK-BQFH-CHPD",
        "Name": "Account DLFK-BQFH-CHPD"
    },
    {
        "ID": "RHZG-XBBJ-VYLL",
        "Name": "Account RHZG-XBBJ-VYLL"
    },
    {
        "ID": "ZBRB-YSBZ-MYGQ",
        "Name": "Account ZBRB-YSBZ-MYGQ"
    },
    {
        "ID": "LKNJ-DVJP-MSQC",
        "Name": "Account LKNJ-DVJP-MSQC"
    },
    {
        "ID": "KFJM-PXHB-XFRZ",
        "Name": "Account KFJM-PXHB-XFRZ"
    },
    {
        "ID": "YGZH-RLBY-LKCW",
        "Name": "Account YGZH-RLBY-LKCW"
    },
    {
        "ID": "QYKZ-LVTN-RNXX",
        "Name": "Account QYKZ-LVTN-RNXX"
    },
    {
        "ID": "BSSJ-NHRW-CQFJ",
        "Name": "Account BSSJ-NHRW-CQFJ"
    },
    {
        "ID": "YRJH-YBND-YXNX",
        "Name": "Account YRJH-YBND-YXNX"
    },
    {
        "ID": "WFLP-MJKQ-SYDK",
        "Name": "Account WFLP-MJKQ-SYDK"
    },
    {
        "ID": "RTWP-MKGT-LJTN",
        "Name": "Account RTWP-MKGT-LJTN"
    },
    {
        "ID": "TVWP-NVZL-NDWZ",
        "Name": "Account TVWP-NVZL-NDWZ"
    },
    {
        "ID": "YTZY-CMVC-DSFW",
        "Name": "Account YTZY-CMVC-DSFW"
    },
    {
        "ID": "ZQCZ-NRJP-SHJQ",
        "Name": "Account ZQCZ-NRJP-SHJQ"
    },
    {
        "ID": "MQDF-KMTN-HHRR",
        "Name": "Account MQDF-KMTN-HHRR"
    },
    {
        "ID": "SSHF-DGQD-WGZM",
        "Name": "Account SSHF-DGQD-WGZM"
    },
    {
        "ID": "BQTN-SMSR-MKSD",
        "Name": "Account BQTN-SMSR-MKSD"
    },
    {
        "ID": "MSJK-HVZB-KLNB",
        "Name": "Account MSJK-HVZB-KLNB"
    },
    {
        "ID": "SMQH-XFXL-CFSY",
        "Name": "Account SMQH-XFXL-CFSY"
    },
    {
        "ID": "FZPQ-NNQD-ZVRR",
        "Name": "Account FZPQ-NNQD-ZVRR"
    },
    {
        "ID": "CPXC-FMCJ-HHNH",
        "Name": "Account CPXC-FMCJ-HHNH"
    },
    {
        "ID": "GZVG-JQZL-KTNV",
        "Name": "Account GZVG-JQZL-KTNV"
    },
    {
        "ID": "MCNF-NQSY-XGTJ",
        "Name": "Account MCNF-NQSY-XGTJ"
    },
    {
        "ID": "GGNK-DBDD-NLYV",
        "Name": "Account GGNK-DBDD-NLYV"
    },
    {
        "ID": "PBFT-HYNY-JMKL",
        "Name": "Account PBFT-HYNY-JMKL"
    },
    {
        "ID": "BFQK-NHRL-JNFF",
        "Name": "Account BFQK-NHRL-JNFF"
    },
    {
        "ID": "JVHW-DFQY-LTRY",
        "Name": "Account JVHW-DFQY-LTRY"
    },
    {
        "ID": "QBXW-YYQD-SGWR",
        "Name": "Account QBXW-YYQD-SGWR"
    },
    {
        "ID": "DSDD-CQHK-SCTZ",
        "Name": "Account DSDD-CQHK-SCTZ"
    },
    {
        "ID": "RPMN-HDLY-XDZH",
        "Name": "Account RPMN-HDLY-XDZH"
    },
    {
        "ID": "CWCV-PWRG-QFJX",
        "Name": "Account CWCV-PWRG-QFJX"
    },
    {
        "ID": "TKRM-SQJD-GPRT",
        "Name": "Account TKRM-SQJD-GPRT"
    },
    {
        "ID": "SQHC-PRFR-SJRY",
        "Name": "Account SQHC-PRFR-SJRY"
    },
    {
        "ID": "MHQD-NMNP-MYTV",
        "Name": "Account MHQD-NMNP-MYTV"
    },
    {
        "ID": "GFDX-PCTF-NRHR",
        "Name": "Account GFDX-PCTF-NRHR"
    },
    {
        "ID": "SXWQ-GTDZ-PFND",
        "Name": "Account SXWQ-GTDZ-PFND"
    },
    {
        "ID": "TMVM-PNDR-HGBJ",
        "Name": "Account TMVM-PNDR-HGBJ"
    },
    {
        "ID": "QQVV-TBWZ-GBHC",
        "Name": "Account QQVV-TBWZ-GBHC"
    },
    {
        "ID": "LNPP-MBSY-BMRT",
        "Name": "Account LNPP-MBSY-BMRT"
    },
    {
        "ID": "JSZJ-ZZYJ-SPQN",
        "Name": "Account JSZJ-ZZYJ-SPQN"
    },
    {
        "ID": "BNJT-BGTQ-LWXR",
        "Name": "Account BNJT-BGTQ-LWXR"
    },
    {
        "ID": "GBCH-SVZH-VHTL",
        "Name": "Account GBCH-SVZH-VHTL"
    },
    {
        "ID": "RFMB-RWND-YSXP",
        "Name": "Account RFMB-RWND-YSXP"
    },
    {
        "ID": "JHXB-STFW-HKWN",
        "Name": "Account JHXB-STFW-HKWN"
    },
    {
        "ID": "NGNL-HZFC-CWZJ",
        "Name": "Account NGNL-HZFC-CWZJ"
    },
    {
        "ID": "GYDF-PHKB-GBSJ",
        "Name": "Account GYDF-PHKB-GBSJ"
    },
    {
        "ID": "XJPG-DJHP-MLCL",
        "Name": "Account XJPG-DJHP-MLCL"
    },
    {
        "ID": "KBRF-SKYY-DWBP",
        "Name": "Account KBRF-SKYY-DWBP"
    },
    {
        "ID": "YGVM-FGCV-FHSM",
        "Name": "Account YGVM-FGCV-FHSM"
    },
    {
        "ID": "PWZQ-DSFG-PJKV",
        "Name": "Account PWZQ-DSFG-PJKV"
    },
    {
        "ID": "NNRF-CLDH-PFTB",
        "Name": "Account NNRF-CLDH-PFTB"
    },
    {
        "ID": "PWJZ-QMSJ-TGCY",
        "Name": "Account PWJZ-QMSJ-TGCY"
    },
    {
        "ID": "TKJN-FZYQ-XNJZ",
        "Name": "Account TKJN-FZYQ-XNJZ"
    },
    {
        "ID": "RZMN-KLYK-FHVD",
        "Name": "Account RZMN-KLYK-FHVD"
    },
    {
        "ID": "WMCF-BDGG-FWFW",
        "Name": "Account WMCF-BDGG-FWFW"
    },
    {
        "ID": "FRFM-MLDT-SQTN",
        "Name": "Account FRFM-MLDT-SQTN"
    },
    {
        "ID": "SXTM-VDGK-VBHD",
        "Name": "Account SXTM-VDGK-VBHD"
    },
    {
        "ID": "GSLZ-DHRZ-SGLY",
        "Name": "Account GSLZ-DHRZ-SGLY"
    },
    {
        "ID": "TDBL-GSND-JLFS",
        "Name": "Account TDBL-GSND-JLFS"
    },
    {
        "ID": "YMKQ-BRXH-QQGB",
        "Name": "Account YMKQ-BRXH-QQGB"
    },
    {
        "ID": "YGJB-KDKV-MGXY",
        "Name": "Account YGJB-KDKV-MGXY"
    },
    {
        "ID": "ZLPC-TLGB-QCMN",
        "Name": "Account ZLPC-TLGB-QCMN"
    },
    {
        "ID": "BDVD-ZVPL-KBHV",
        "Name": "Account BDVD-ZVPL-KBHV"
    },
    {
        "ID": "YWJY-BPYW-HFJY",
        "Name": "Account YWJY-BPYW-HFJY"
    },
    {
        "ID": "VKXR-DMPH-PDGZ",
        "Name": "Account VKXR-DMPH-PDGZ"
    },
    {
        "ID": "WXKP-VKMM-JYWQ",
        "Name": "Account WXKP-VKMM-JYWQ"
    },
    {
        "ID": "FNCM-LQJB-LVQL",
        "Name": "Account FNCM-LQJB-LVQL"
    },
    {
        "ID": "GVQH-KMSY-LXTN",
        "Name": "Account GVQH-KMSY-LXTN"
    },
    {
        "ID": "RKVF-QJNP-WYTB",
        "Name": "Account RKVF-QJNP-WYTB"
    },
    {
        "ID": "FPLF-TZKM-GSYH",
        "Name": "Account FPLF-TZKM-GSYH"
    },
    {
        "ID": "HXRZ-ZLWY-VVQP",
        "Name": "Account HXRZ-ZLWY-VVQP"
    },
    {
        "ID": "YZLW-GDFF-JLRV",
        "Name": "Account YZLW-GDFF-JLRV"
    },
    {
        "ID": "VQPD-TZKL-RPKD",
        "Name": "Account VQPD-TZKL-RPKD"
    },
    {
        "ID": "JMMV-VSCR-CPNJ",
        "Name": "Account JMMV-VSCR-CPNJ"
    },
    {
        "ID": "PYZH-HGMB-YRWM",
        "Name": "Account PYZH-HGMB-YRWM"
    },
    {
        "ID": "DTXB-MJRT-VWLJ",
        "Name": "Account DTXB-MJRT-VWLJ"
    },
    {
        "ID": "KGQK-KXBV-RNDZ",
        "Name": "Account KGQK-KXBV-RNDZ"
    },
    {
        "ID": "FHYV-LVDP-MJQF",
        "Name": "Account FHYV-LVDP-MJQF"
    },
    {
        "ID": "TNKF-CKPN-LDMQ",
        "Name": "Account TNKF-CKPN-LDMQ"
    },
    {
        "ID": "RDPV-RDDK-WPVL",
        "Name": "Account RDPV-RDDK-WPVL"
    },
    {
        "ID": "BPXZ-PKPX-TXXX",
        "Name": "Account BPXZ-PKPX-TXXX"
    },
    {
        "ID": "RKHN-XZQS-MXYP",
        "Name": "Account RKHN-XZQS-MXYP"
    }
]
