[
    {
        "ID": "DirEngLab1",
        "Name": "Direct Engineering Labor (1)"
    },
    {
        "ID": "DirEngLab2",
        "Name": "Direct Engineering Labor (2)"
    },
    {
        "ID": "DirEngLab3",
        "Name": "Direct Engineering Labor (3)"
    },
    {
        "ID": "DirEngLab4",
        "Name": "Direct Engineering Labor (4)"
    },
    {
        "ID": "DirEngLab5",
        "Name": "Direct Engineering Labor (5)"
    },
    {
        "ID": "EngOH",
        "Name": "Engineering Labor Overhead"
    },
    {
        "ID": "DirMfgOpsLab1",
        "Name": "Direct Manufacturing Operations Labor (1)"
    },
    {
        "ID": "DirMfgOpsLab2",
        "Name": "Direct Manufacturing Operations Labor (2)"
    },
    {
        "ID": "MfgOpsOH",
        "Name": "Manufacturing Operations Labor Overhead"
    },
    {
        "ID": "OtherDir",
        "Name": "Other Direct Costs"
    },
    {
        "ID": "OtherOH",
        "Name": "Other Overhead"
    },
    {
        "ID": "DirMat",
        "Name": "Direct Material"
    },
    {
        "ID": "MatOH",
        "Name": "Material Overhead"
    },
    {
        "ID": "GA",
        "Name": "General & Administrative"
    },
    {
        "ID": "FCCM",
        "Name": "Facilities Capital Cost of Money"
    }
]
