[
    {
        "ID": "1",
        "Name": "Lot 1",
        "PhaseOrMilestoneID": "B",
        "ContractTypeID": "CPFF",
        "ContractPrice": 10425924990,
        "PeriodOfPerformance_StartDate": "2016-01-01",
        "PeriodOfPerformance_EndDate": "2016-12-31"
    },
    {
        "ID": "2",
        "Name": "Lot 2",
        "PhaseOrMilestoneID": "B",
        "ContractTypeID": "CPFF",
        "ContractPrice": 10441826701,
        "PeriodOfPerformance_StartDate": "2017-01-01",
        "PeriodOfPerformance_EndDate": "2017-12-31"
    },
    {
        "ID": "3",
        "Name": "Lot 3",
        "PhaseOrMilestoneID": "B",
        "ContractTypeID": "CPFF",
        "ContractPrice": 10940563189,
        "PeriodOfPerformance_StartDate": "2018-01-01",
        "PeriodOfPerformance_EndDate": "2018-12-31"
    },
    {
        "ID": "4",
        "Name": "Lot 4",
        "PhaseOrMilestoneID": "B",
        "ContractTypeID": "CPFF",
        "ContractPrice": 10944353238,
        "PeriodOfPerformance_StartDate": "2019-01-01",
        "PeriodOfPerformance_EndDate": "2019-12-31"
    },
    {
        "ID": "5",
        "Name": "Lot 5",
        "PhaseOrMilestoneID": "B",
        "ContractTypeID": "CPFF",
        "ContractPrice": 10913689812,
        "PeriodOfPerformance_StartDate": "2020-01-01",
        "PeriodOfPerformance_EndDate": "2020-12-31"
    }
]
