[
    {
        "ID": 1,
        "StartDate": "2016-01-01",
        "EndDate": "2016-01-31"
    },
    {
        "ID": 2,
        "StartDate": "2016-02-01",
        "EndDate": "2016-02-29"
    },
    {
        "ID": 3,
        "StartDate": "2016-03-01",
        "EndDate": "2016-03-31"
    },
    {
        "ID": 4,
        "StartDate": "2016-04-01",
        "EndDate": "2016-04-30"
    },
    {
        "ID": 5,
        "StartDate": "2016-05-01",
        "EndDate": "2016-05-31"
    },
    {
        "ID": 6,
        "StartDate": "2016-06-01",
        "EndDate": "2016-06-30"
    },
    {
        "ID": 7,
        "StartDate": "2016-07-01",
        "EndDate": "2016-07-31"
    },
    {
        "ID": 8,
        "StartDate": "2016-08-01",
        "EndDate": "2016-08-31"
    },
    {
        "ID": 9,
        "StartDate": "2016-09-01",
        "EndDate": "2016-09-30"
    },
    {
        "ID": 10,
        "StartDate": "2016-10-01",
        "EndDate": "2016-10-31"
    },
    {
        "ID": 11,
        "StartDate": "2016-11-01",
        "EndDate": "2016-11-30"
    },
    {
        "ID": 12,
        "StartDate": "2016-12-01",
        "EndDate": "2016-12-31"
    },
    {
        "ID": 13,
        "StartDate": "2017-01-01",
        "EndDate": "2017-01-31"
    },
    {
        "ID": 14,
        "StartDate": "2017-02-01",
        "EndDate": "2017-02-28"
    },
    {
        "ID": 15,
        "StartDate": "2017-03-01",
        "EndDate": "2017-03-31"
    },
    {
        "ID": 16,
        "StartDate": "2017-04-01",
        "EndDate": "2017-04-30"
    },
    {
        "ID": 17,
        "StartDate": "2017-05-01",
        "EndDate": "2017-05-31"
    },
    {
        "ID": 18,
        "StartDate": "2017-06-01",
        "EndDate": "2017-06-30"
    },
    {
        "ID": 19,
        "StartDate": "2017-07-01",
        "EndDate": "2017-07-31"
    },
    {
        "ID": 20,
        "StartDate": "2017-08-01",
        "EndDate": "2017-08-31"
    },
    {
        "ID": 21,
        "StartDate": "2017-09-01",
        "EndDate": "2017-09-30"
    },
    {
        "ID": 22,
        "StartDate": "2017-10-01",
        "EndDate": "2017-10-31"
    },
    {
        "ID": 23,
        "StartDate": "2017-11-01",
        "EndDate": "2017-11-30"
    },
    {
        "ID": 24,
        "StartDate": "2017-12-01",
        "EndDate": "2017-12-31"
    },
    {
        "ID": 25,
        "StartDate": "2018-01-01",
        "EndDate": "2018-01-31"
    },
    {
        "ID": 26,
        "StartDate": "2018-02-01",
        "EndDate": "2018-02-28"
    },
    {
        "ID": 27,
        "StartDate": "2018-03-01",
        "EndDate": "2018-03-31"
    },
    {
        "ID": 28,
        "StartDate": "2018-04-01",
        "EndDate": "2018-04-30"
    },
    {
        "ID": 29,
        "StartDate": "2018-05-01",
        "EndDate": "2018-05-31"
    },
    {
        "ID": 30,
        "StartDate": "2018-06-01",
        "EndDate": "2018-06-30"
    },
    {
        "ID": 31,
        "StartDate": "2018-07-01",
        "EndDate": "2018-07-31"
    },
    {
        "ID": 32,
        "StartDate": "2018-08-01",
        "EndDate": "2018-08-31"
    },
    {
        "ID": 33,
        "StartDate": "2018-09-01",
        "EndDate": "2018-09-30"
    },
    {
        "ID": 34,
        "StartDate": "2018-10-01",
        "EndDate": "2018-10-31"
    },
    {
        "ID": 35,
        "StartDate": "2018-11-01",
        "EndDate": "2018-11-30"
    },
    {
        "ID": 36,
        "StartDate": "2018-12-01",
        "EndDate": "2018-12-31"
    },
    {
        "ID": 37,
        "StartDate": "2019-01-01",
        "EndDate": "2019-01-31"
    },
    {
        "ID": 38,
        "StartDate": "2019-02-01",
        "EndDate": "2019-02-28"
    },
    {
        "ID": 39,
        "StartDate": "2019-03-01",
        "EndDate": "2019-03-31"
    },
    {
        "ID": 40,
        "StartDate": "2019-04-01",
        "EndDate": "2019-04-30"
    },
    {
        "ID": 41,
        "StartDate": "2019-05-01",
        "EndDate": "2019-05-31"
    },
    {
        "ID": 42,
        "StartDate": "2019-06-01",
        "EndDate": "2019-06-30"
    },
    {
        "ID": 43,
        "StartDate": "2019-07-01",
        "EndDate": "2019-07-31"
    },
    {
        "ID": 44,
        "StartDate": "2019-08-01",
        "EndDate": "2019-08-31"
    },
    {
        "ID": 45,
        "StartDate": "2019-09-01",
        "EndDate": "2019-09-30"
    },
    {
        "ID": 46,
        "StartDate": "2019-10-01",
        "EndDate": "2019-10-31"
    },
    {
        "ID": 47,
        "StartDate": "2019-11-01",
        "EndDate": "2019-11-30"
    },
    {
        "ID": 48,
        "StartDate": "2019-12-01",
        "EndDate": "2019-12-31"
    },
    {
        "ID": 49,
        "StartDate": "2020-01-01",
        "EndDate": "2020-01-31"
    },
    {
        "ID": 50,
        "StartDate": "2020-02-01",
        "EndDate": "2020-02-29"
    },
    {
        "ID": 51,
        "StartDate": "2020-03-01",
        "EndDate": "2020-03-31"
    },
    {
        "ID": 52,
        "StartDate": "2020-04-01",
        "EndDate": "2020-04-30"
    },
    {
        "ID": 53,
        "StartDate": "2020-05-01",
        "EndDate": "2020-05-31"
    },
    {
        "ID": 54,
        "StartDate": "2020-06-01",
        "EndDate": "2020-06-30"
    },
    {
        "ID": 55,
        "StartDate": "2020-07-01",
        "EndDate": "2020-07-31"
    },
    {
        "ID": 56,
        "StartDate": "2020-08-01",
        "EndDate": "2020-08-31"
    },
    {
        "ID": 57,
        "StartDate": "2020-09-01",
        "EndDate": "2020-09-30"
    },
    {
        "ID": 58,
        "StartDate": "2020-10-01",
        "EndDate": "2020-10-31"
    },
    {
        "ID": 59,
        "StartDate": "2020-11-01",
        "EndDate": "2020-11-30"
    },
    {
        "ID": 60,
        "StartDate": "2020-12-01",
        "EndDate": "2020-12-31"
    }
]
