[
    {
        "OrderOrLotID": "1",
        "Text": "These remarks are intended to appear on a DD Form 1921 for Lot 1"
    },
    {
        "OrderOrLotID": "2",
        "Text": "These remarks are intended to appear on a DD Form 1921 for Lot 2"
    },
    {
        "OrderOrLotID": "3",
        "Text": "These remarks are intended to appear on a DD Form 1921 for Lot 3"
    },
    {
        "OrderOrLotID": "4",
        "Text": "These remarks are intended to appear on a DD Form 1921 for Lot 4"
    },
    {
        "OrderOrLotID": "5",
        "Text": "These remarks are intended to appear on a DD Form 1921 for Lot 5"
    }
]
