[
    {
        "OrderOrLotID": "1",
        "Subtotal_TD": 8895623535,
        "Subtotal_AC": 8895623535,
        "GA_TD": 998386578,
        "GA_AC": 998386578,
        "UB": 0,
        "MR": 0,
        "FCCM_TD": 99838627,
        "FCCM_AC": 99838627,
        "Fee_TD": 432076250,
        "Fee_AC": 432076250,
        "Price_TD": 10425924990,
        "Price_AC": 10425924990
    },
    {
        "OrderOrLotID": "2",
        "Subtotal_TD": 8915701385,
        "Subtotal_AC": 8915701385,
        "GA_TD": 1000639975,
        "GA_AC": 1000639975,
        "UB": 0,
        "MR": 0,
        "FCCM_TD": 100063968,
        "FCCM_AC": 100063968,
        "Fee_TD": 425421373,
        "Fee_AC": 425421373,
        "Price_TD": 10441826701,
        "Price_AC": 10441826701
    },
    {
        "OrderOrLotID": "3",
        "Subtotal_TD": 4471143469,
        "Subtotal_AC": 8914295182,
        "GA_TD": 500769264,
        "GA_AC": 1000482159,
        "UB": 42249272,
        "MR": 468664312,
        "FCCM_TD": 50133973,
        "FCCM_AC": 100048180,
        "Fee_TD": 229453423,
        "Fee_AC": 414824084,
        "Price_TD": 5251500129,
        "Price_AC": 10940563189
    },
    {
        "OrderOrLotID": "4",
        "Subtotal_TD": 0,
        "Subtotal_AC": 8887808207,
        "GA_TD": 0,
        "GA_AC": 997509442,
        "UB": 47145371,
        "MR": 433305755,
        "FCCM_TD": 0,
        "FCCM_AC": 99750915,
        "Fee_TD": 0,
        "Fee_AC": 478833548,
        "Price_TD": 0,
        "Price_AC": 10944353238
    },
    {
        "OrderOrLotID": "5",
        "Subtotal_TD": 0,
        "Subtotal_AC": 8892065859,
        "GA_TD": 0,
        "GA_AC": 997987289,
        "UB": 45753262,
        "MR": 402287069,
        "FCCM_TD": 0,
        "FCCM_AC": 99798694,
        "Fee_TD": 0,
        "Fee_AC": 475797639,
        "Price_TD": 0,
        "Price_AC": 10913689812
    }
]
