[
    {
        "ID": "A1",
        "EndItemID": "Var-A",
        "FirstUnitNumber": 1,
        "LastUnitNumber": 1,
        "OrderOrLotID": "1"
    },
    {
        "ID": "A2",
        "EndItemID": "Var-A",
        "FirstUnitNumber": 2,
        "LastUnitNumber": 2,
        "OrderOrLotID": "1"
    },
    {
        "ID": "A3",
        "EndItemID": "Var-A",
        "FirstUnitNumber": 3,
        "LastUnitNumber": 3,
        "OrderOrLotID": "1"
    },
    {
        "ID": "A4",
        "EndItemID": "Var-A",
        "FirstUnitNumber": 4,
        "LastUnitNumber": 4,
        "OrderOrLotID": "1"
    },
    {
        "ID": "A5",
        "EndItemID": "Var-A",
        "FirstUnitNumber": 5,
        "LastUnitNumber": 5,
        "OrderOrLotID": "1"
    },
    {
        "ID": "A6",
        "EndItemID": "Var-A",
        "FirstUnitNumber": 6,
        "LastUnitNumber": 6,
        "OrderOrLotID": "1"
    },
    {
        "ID": "A7",
        "EndItemID": "Var-A",
        "FirstUnitNumber": 7,
        "LastUnitNumber": 7,
        "OrderOrLotID": "1"
    },
    {
        "ID": "A8",
        "EndItemID": "Var-A",
        "FirstUnitNumber": 8,
        "LastUnitNumber": 8,
        "OrderOrLotID": "1"
    },
    {
        "ID": "B1",
        "EndItemID": "Var-B",
        "FirstUnitNumber": 1,
        "LastUnitNumber": 1,
        "OrderOrLotID": "1"
    },
    {
        "ID": "B2",
        "EndItemID": "Var-B",
        "FirstUnitNumber": 2,
        "LastUnitNumber": 2,
        "OrderOrLotID": "1"
    },
    {
        "ID": "B3",
        "EndItemID": "Var-B",
        "FirstUnitNumber": 3,
        "LastUnitNumber": 3,
        "OrderOrLotID": "1"
    },
    {
        "ID": "B4",
        "EndItemID": "Var-B",
        "FirstUnitNumber": 4,
        "LastUnitNumber": 4,
        "OrderOrLotID": "1"
    }
]
