[
    {
        "WBSElementID": "1.0",
        "Text": "This definition for WBS Element 1.0 is intended to appear in the CWBS Dictionary"
    },
    {
        "WBSElementID": "1.1",
        "Text": "This definition for WBS Element 1.1 is intended to appear in the CWBS Dictionary"
    },
    {
        "WBSElementID": "1.1.1",
        "Text": "This definition for WBS Element 1.1.1 is intended to appear in the CWBS Dictionary"
    },
    {
        "WBSElementID": "1.1.2",
        "Text": "This definition for WBS Element 1.1.2 is intended to appear in the CWBS Dictionary"
    },
    {
        "WBSElementID": "1.1.3",
        "Text": "This definition for WBS Element 1.1.3 is intended to appear in the CWBS Dictionary"
    },
    {
        "WBSElementID": "1.1.4",
        "Text": "This definition for WBS Element 1.1.4 is intended to appear in the CWBS Dictionary"
    },
    {
        "WBSElementID": "1.1.4.1",
        "Text": "This definition for WBS Element 1.1.4.1 is intended to appear in the CWBS Dictionary"
    },
    {
        "WBSElementID": "1.1.4.2",
        "Text": "This definition for WBS Element 1.1.4.2 is intended to appear in the CWBS Dictionary"
    },
    {
        "WBSElementID": "1.1.4.3",
        "Text": "This definition for WBS Element 1.1.4.3 is intended to appear in the CWBS Dictionary"
    },
    {
        "WBSElementID": "1.1.4.4",
        "Text": "This definition for WBS Element 1.1.4.4 is intended to appear in the CWBS Dictionary"
    },
    {
        "WBSElementID": "1.1.4.5",
        "Text": "This definition for WBS Element 1.1.4.5 is intended to appear in the CWBS Dictionary"
    },
    {
        "WBSElementID": "1.1.4.6",
        "Text": "This definition for WBS Element 1.1.4.6 is intended to appear in the CWBS Dictionary"
    },
    {
        "WBSElementID": "1.1.5",
        "Text": "This definition for WBS Element 1.1.5 is intended to appear in the CWBS Dictionary"
    },
    {
        "WBSElementID": "1.1.5.1",
        "Text": "This definition for WBS Element 1.1.5.1 is intended to appear in the CWBS Dictionary"
    },
    {
        "WBSElementID": "1.1.5.2",
        "Text": "This definition for WBS Element 1.1.5.2 is intended to appear in the CWBS Dictionary"
    },
    {
        "WBSElementID": "1.1.5.3",
        "Text": "This definition for WBS Element 1.1.5.3 is intended to appear in the CWBS Dictionary"
    },
    {
        "WBSElementID": "1.1.5.4",
        "Text": "This definition for WBS Element 1.1.5.4 is intended to appear in the CWBS Dictionary"
    },
    {
        "WBSElementID": "1.1.5.5",
        "Text": "This definition for WBS Element 1.1.5.5 is intended to appear in the CWBS Dictionary"
    },
    {
        "WBSElementID": "1.1.5.6",
        "Text": "This definition for WBS Element 1.1.5.6 is intended to appear in the CWBS Dictionary"
    },
    {
        "WBSElementID": "1.2",
        "Text": "This definition for WBS Element 1.2 is intended to appear in the CWBS Dictionary"
    },
    {
        "WBSElementID": "1.3",
        "Text": "This definition for WBS Element 1.3 is intended to appear in the CWBS Dictionary"
    },
    {
        "WBSElementID": "1.3.1",
        "Text": "This definition for WBS Element 1.3.1 is intended to appear in the CWBS Dictionary"
    },
    {
        "WBSElementID": "1.3.2",
        "Text": "This definition for WBS Element 1.3.2 is intended to appear in the CWBS Dictionary"
    },
    {
        "WBSElementID": "1.3.3",
        "Text": "This definition for WBS Element 1.3.3 is intended to appear in the CWBS Dictionary"
    },
    {
        "WBSElementID": "1.4",
        "Text": "This definition for WBS Element 1.4 is intended to appear in the CWBS Dictionary"
    },
    {
        "WBSElementID": "1.5",
        "Text": "This definition for WBS Element 1.5 is intended to appear in the CWBS Dictionary"
    }
]
